,subject,trial_num,touch1,touch2,response,correct,RT,ITI,t1_intensity,t2_intensity
0,1,0,1,2,1,0,0.6855296,4.25,251.18864315,251.18864315
1,1,1,2,3,2,0,0.5347667,5.09,251.18864315,251.18864315
2,1,2,3,3,3,1,2.4764174,4.26,251.18864315,251.18864315
