,subject,trial_num,touch1,touch2,response,correct,RT,ITI
0,2,0,0,2,2,1,0.5359523,4.67
1,2,1,2,2,1,0,0.6895194,4.71
2,2,2,1,0,2,0,0.6655999,5.03
